[
    {
      "id":1,
      "titulo": "EA SPORTS FC 25 Standard Edition Código de XBOX LIVE",
      "precio": 25,
      "imagen": "./assets/img/2_3/img_juegos/fc25_2_3.jpg",
      "link": ""
    },
    {
      "id":2,  
      "titulo": "God of War Ragnarok (PC) Código de Steam GLOBAL",
      "precio": 50,
      "imagen": "./assets/img/2_3/img_juegos/gowr_2_3.jpg",
      "link": ""
    },
    {
      "id":3,  
      "titulo": "HELLDIVERS 2 (PC) Código de Steam GLOBAL",
      "precio": 34,
      "imagen": "./assets/img/2_3/img_juegos/hd2_2_3.jpg",
      "link": ""
    },
    {
      "id":4,  
      "titulo": "Minecraft: Java & Bedrock Edition (PC) Official website Key GLOBAL",
      "precio": 16,
      "imagen": "./assets/img/2_3/img_juegos/mc_2_3.jpg",
      "link": ""
    },
    {
      "id":5,  
      "titulo": "Assassin’s Creed Shadows (PC) Código de Ubisoft Connect GLOBAL",
      "precio": 60,
      "imagen": "./assets/img/2_3/img_juegos/acs_2_3.jpg",
      "link": ""
    },
    {
      "id":6,  
      "titulo": "Avowed (PC/Xbox Series) Código de XBOX LIVE GLOBAL",
      "precio": 65,
      "imagen": "./assets/img/2_3/img_juegos/avowed_2_3.png",
      "link": ""
    },
    {
      "id":7,  
      "titulo": "Sid Meier's Civilization® VII (PC) Código de Steam GLOBAL",
      "precio": 15,
      "imagen": "./assets/img/2_3/img_juegos/civ7_2_3.jpg",
      "link": ""
    },
    {
      "id":8,  
      "titulo": "The Last of Us™ Part II Remastered (PC) Steam Key ROW",
      "precio": 45,
      "imagen": "./assets/img/2_3/img_juegos/loup2r_2_3.jpg",
      "link": ""
    },
    {
      "id":9,  
      "titulo": "Monster Hunter Wilds Premium Deluxe Edition (PC)",
      "precio": 85,
      "imagen": "./assets/img/2_3/img_juegos/mhw_2_3.jpg",
      "link": ""
    },
    {
      "id":10,  
      "titulo": "Red Dead Redemption 2 Rockstar Games Launcher Clave GLOBAL",
      "precio": 16,
      "imagen": "./assets/img/2_3/img_juegos/rdr2_2_3.jpg",
      "link": ""
    },
    {
      "id":11,    
      "titulo": "Call of Duty®: Black Ops 6",
      "precio": 50,
      "imagen": "./assets/img//2_3/img_juegos/codbo6_2_3.jpg",
      "link": ""
    },
    {
      "id":12,    
      "titulo": "Diablo® IV XBOX LIVE Key",
      "precio": 26,
      "imagen": "./assets/img/2_3/img_juegos/db4_2_3.jpg",
      "link": ""
    }
]